{"cameraMode":{"drawMode":0,"name":"Shaded","section":"Shading Mode"},"sceneLighting":true,"audioPlay":false,"sceneViewState":{"m_AlwaysRefresh":false,"showFog":true,"showSkybox":true,"showFlares":true,"showImageEffects":true,"showParticleSystems":true,"showVisualEffectGraphs":true,"m_FxEnabled":true},"in2DMode":false,"pivot":{"x":2.5548489093780519,"y":28.261144638061525,"z":21.499420166015626},"rotation":{"x":0.252504825592041,"y":0.7434653639793396,"z":-0.46606865525245669,"w":0.40926799178123476},"size":1.6760039329528809,"orthographic":false}