{"cameraMode":{"drawMode":0,"name":"Shaded","section":"Shading Mode"},"sceneLighting":true,"audioPlay":false,"sceneViewState":{"m_AlwaysRefresh":false,"showFog":true,"showSkybox":true,"showFlares":true,"showImageEffects":true,"showParticleSystems":true,"showVisualEffectGraphs":true,"m_FxEnabled":true},"in2DMode":false,"pivot":{"x":34.279632568359378,"y":19.663394927978517,"z":15.25872802734375},"rotation":{"x":-0.015548156574368477,"y":0.6815059185028076,"z":0.003992919810116291,"w":0.7327349781990051},"size":10.17880630493164,"orthographic":false}