{"cameraMode":{"drawMode":0,"name":"Shaded","section":"Shading Mode"},"sceneLighting":false,"audioPlay":false,"sceneViewState":{"m_AlwaysRefresh":false,"showFog":true,"showSkybox":false,"showFlares":true,"showImageEffects":true,"showParticleSystems":true,"showVisualEffectGraphs":true,"m_FxEnabled":true},"in2DMode":false,"pivot":{"x":0.42021453380584719,"y":-14.122464179992676,"z":8.688287734985352},"rotation":{"x":-0.48677951097488406,"y":-0.03440096601843834,"z":0.019093293696641923,"w":-0.8726771473884583},"size":9.939372062683106,"orthographic":false}