{"cameraMode":{"drawMode":0,"name":"Shaded","section":"Shading Mode"},"sceneLighting":false,"audioPlay":false,"sceneViewState":{"m_AlwaysRefresh":false,"showFog":true,"showSkybox":false,"showFlares":true,"showImageEffects":true,"showParticleSystems":true,"showVisualEffectGraphs":true,"m_FxEnabled":true},"in2DMode":false,"pivot":{"x":-1.3727442026138306,"y":1.2106705904006959,"z":0.03364386036992073},"rotation":{"x":0.22854354977607728,"y":0.6877595782279968,"z":-0.24392510950565339,"w":0.6444697380065918},"size":1.2655824422836304,"orthographic":false}