{"cameraMode":{"drawMode":0,"name":"Shaded","section":"Shading Mode"},"sceneLighting":false,"audioPlay":false,"sceneViewState":{"m_AlwaysRefresh":false,"showFog":true,"showSkybox":false,"showFlares":true,"showImageEffects":true,"showParticleSystems":true,"showVisualEffectGraphs":true,"m_FxEnabled":true},"in2DMode":false,"pivot":{"x":-13.333271026611329,"y":0.6365680694580078,"z":-0.6817067265510559},"rotation":{"x":-0.05821876972913742,"y":0.7201154828071594,"z":-0.05882492661476135,"w":-0.6897120475769043},"size":10.338641166687012,"orthographic":false}