{"cameraMode":{"drawMode":0,"name":"Shaded","section":"Shading Mode"},"sceneLighting":false,"audioPlay":false,"sceneViewState":{"m_AlwaysRefresh":false,"showFog":true,"showSkybox":false,"showFlares":true,"showImageEffects":true,"showParticleSystems":true,"showVisualEffectGraphs":true,"m_FxEnabled":true},"in2DMode":false,"pivot":{"x":634.0648193359375,"y":205.55918884277345,"z":255.1138153076172},"rotation":{"x":0.016762077808380128,"y":0.038952361792325976,"z":-0.001583946286700666,"w":0.9996992945671082},"size":586.2360229492188,"orthographic":false}