{"cameraMode":{"drawMode":0,"name":"Shaded","section":"Shading Mode"},"sceneLighting":false,"audioPlay":false,"sceneViewState":{"m_AlwaysRefresh":false,"showFog":true,"showSkybox":false,"showFlares":true,"showImageEffects":true,"showParticleSystems":true,"showVisualEffectGraphs":true,"m_FxEnabled":true},"in2DMode":false,"pivot":{"x":0.3491949439048767,"y":-12.12073802947998,"z":9.173762321472168},"rotation":{"x":-0.4375196695327759,"y":0.023191988468170167,"z":-0.011289652436971665,"w":-0.8988409042358398},"size":10.854043960571289,"orthographic":false}